<Backups xmlns="http://www.microsoft.com/GroupPolicy/GPOOperations/Manifest" xmlns:mfst="http://www.microsoft.com/GroupPolicy/GPOOperations/Manifest" mfst:version="1.0"><BackupInst><GPOGuid><![CDATA[{6E261666-DF1F-466A-A14A-CBE7EC0D94DA}]]></GPOGuid><GPODomain><![CDATA[auth.tamu.edu]]></GPODomain><GPODomainGuid><![CDATA[{0237d6f6-958a-4c6e-9186-5b207f9d0d31}]]></GPODomainGuid><GPODomainController><![CDATA[auth-dc-t1.auth.tamu.edu]]></GPODomainController><BackupTime><![CDATA[2022-12-16T17:39:33]]></BackupTime><ID><![CDATA[{FE79C6AA-51C7-4985-8F96-3C912CC4D9AE}]]></ID><Comment><![CDATA[Security - TAMU - Block TikTok Domain]]></Comment><GPODisplayName><![CDATA[Security - TAMU - Block TikTok Domain]]></GPODisplayName></BackupInst></Backups>