<?xml version="1.0" encoding="utf-8"?><!-- Copyright (c) Microsoft Corporation.  All rights reserved. --><GroupPolicyBackupScheme bkp:version="2.0" bkp:type="GroupPolicyBackupTemplate" xmlns:bkp="http://www.microsoft.com/GroupPolicy/GPOOperations" xmlns="http://www.microsoft.com/GroupPolicy/GPOOperations">
    <GroupPolicyObject><SecurityGroups><Group bkp:Source="FromDACL"><Sid><![CDATA[S-1-5-21-1167378736-2199707310-2242153877-512]]></Sid><SamAccountName><![CDATA[Domain Admins]]></SamAccountName><Type><![CDATA[GlobalGroup]]></Type><NetBIOSDomainName><![CDATA[AUTH]]></NetBIOSDomainName><DnsDomainName><![CDATA[auth.tamu.edu]]></DnsDomainName><UPN><![CDATA[Domain Admins@auth.tamu.edu]]></UPN></Group><Group bkp:Source="FromDACL"><Sid><![CDATA[S-1-5-21-1167378736-2199707310-2242153877-519]]></Sid><SamAccountName><![CDATA[Enterprise Admins]]></SamAccountName><Type><![CDATA[UniversalGroup]]></Type><NetBIOSDomainName><![CDATA[AUTH]]></NetBIOSDomainName><DnsDomainName><![CDATA[auth.tamu.edu]]></DnsDomainName><UPN><![CDATA[Enterprise Admins@auth.tamu.edu]]></UPN></Group><Group bkp:Source="FromDACL"><Sid><![CDATA[S-1-5-21-1167378736-2199707310-2242153877-1048800]]></Sid><SamAccountName><![CDATA[nsadmin]]></SamAccountName><Type><![CDATA[User]]></Type><NetBIOSDomainName><![CDATA[AUTH]]></NetBIOSDomainName><DnsDomainName><![CDATA[auth.tamu.edu]]></DnsDomainName><UPN><![CDATA[nsadmin@tamu.edu]]></UPN></Group><Group bkp:Source="FromDACL"><Sid><![CDATA[S-1-5-21-1167378736-2199707310-2242153877-991694]]></Sid><SamAccountName><![CDATA[WSG - ITEO - Workstations - Test]]></SamAccountName><Type><![CDATA[GlobalGroup]]></Type><NetBIOSDomainName><![CDATA[AUTH]]></NetBIOSDomainName><DnsDomainName><![CDATA[auth.tamu.edu]]></DnsDomainName><UPN><![CDATA[WSG - ITEO - Workstations - Test@auth.tamu.edu]]></UPN></Group></SecurityGroups><FilePaths/><GroupPolicyCoreSettings><ID><![CDATA[{6E261666-DF1F-466A-A14A-CBE7EC0D94DA}]]></ID><Domain><![CDATA[auth.tamu.edu]]></Domain><SecurityDescriptor>01 00 04 9c 00 00 00 00 00 00 00 00 00 00 00 00 14 00 00 00 04 00 20 01 09 00 00 00 05 00 38 00 00 01 00 00 01 00 00 00 8f fd ac ed b3 ff d1 11 b4 1d 00 a0 c9 68 f9 39 01 05 00 00 00 00 00 05 15 00 00 00 30 c9 94 45 ae de 1c 83 95 8d a4 85 ce 21 0f 00 00 00 24 00 14 00 02 00 01 05 00 00 00 00 00 05 15 00 00 00 30 c9 94 45 ae de 1c 83 95 8d a4 85 ce 21 0f 00 00 00 24 00 ff 00 0f 00 01 05 00 00 00 00 00 05 15 00 00 00 30 c9 94 45 ae de 1c 83 95 8d a4 85 e0 00 10 00 00 02 24 00 ff 00 0f 00 01 05 00 00 00 00 00 05 15 00 00 00 30 c9 94 45 ae de 1c 83 95 8d a4 85 00 02 00 00 00 02 24 00 ff 00 0f 00 01 05 00 00 00 00 00 05 15 00 00 00 30 c9 94 45 ae de 1c 83 95 8d a4 85 07 02 00 00 00 02 14 00 94 00 02 00 01 01 00 00 00 00 00 05 09 00 00 00 00 02 14 00 94 00 02 00 01 01 00 00 00 00 00 05 0b 00 00 00 00 02 14 00 ff 00 0f 00 01 01 00 00 00 00 00 05 12 00 00 00 00 0a 14 00 ff 00 0f 00 01 01 00 00 00 00 00 03 00 00 00 00</SecurityDescriptor><DisplayName><![CDATA[Security - TAMU - Block TikTok Domain]]></DisplayName><Options><![CDATA[0]]></Options><UserVersionNumber><![CDATA[0]]></UserVersionNumber><MachineVersionNumber><![CDATA[131074]]></MachineVersionNumber><MachineExtensionGuids><![CDATA[[{42B5FAAE-6536-11D2-AE5A-0000F87571E3}{40B6664F-4972-11D1-A7CA-0000F87571E3}]]]></MachineExtensionGuids><UserExtensionGuids/><WMIFilter/></GroupPolicyCoreSettings> 
        <GroupPolicyExtension bkp:ID="{35378EAC-683F-11D2-A89A-00C04FBBCFA2}" bkp:DescName="Registry">
            
            
            <FSObjectFile bkp:Path="%GPO_FSPATH%\Adm\*.*" bkp:SourceExpandedPath="\\auth-dc-t1.auth.tamu.edu\sysvol\auth.tamu.edu\Policies\{6E261666-DF1F-466A-A14A-CBE7EC0D94DA}\Adm\*.*"/>
        </GroupPolicyExtension>
        
        
        <GroupPolicyExtension bkp:ID="{42B5FAAE-6536-11d2-AE5A-0000F87571E3}" bkp:DescName="Scripts">
            <FSObjectFile bkp:Path="%GPO_MACH_FSPATH%\Scripts\scripts.ini" bkp:SourceExpandedPath="\\auth-dc-t1.auth.tamu.edu\sysvol\auth.tamu.edu\Policies\{6E261666-DF1F-466A-A14A-CBE7EC0D94DA}\Machine\Scripts\scripts.ini" bkp:ReEvaluateFunction="ScriptsValidatePaths" bkp:Location="DomainSysvol\GPO\Machine\Scripts\scripts.ini"/>
	    <FSObjectFile bkp:Path="%GPO_MACH_FSPATH%\Scripts\PSscripts.ini" bkp:SourceExpandedPath="\\auth-dc-t1.auth.tamu.edu\sysvol\auth.tamu.edu\Policies\{6E261666-DF1F-466A-A14A-CBE7EC0D94DA}\Machine\Scripts\PSscripts.ini" bkp:Location="DomainSysvol\GPO\Machine\Scripts\PSscripts.ini"/>
            <FSObjectDir bkp:Path="%GPO_MACH_FSPATH%\Scripts\Startup\*" bkp:SourceExpandedPath="\\auth-dc-t1.auth.tamu.edu\sysvol\auth.tamu.edu\Policies\{6E261666-DF1F-466A-A14A-CBE7EC0D94DA}\Machine\Scripts\Startup\*"><FSObjectDir bkp:Path="%GPO_MACH_FSPATH%\Scripts\Startup" bkp:SourceExpandedPath="\\auth-dc-t1.auth.tamu.edu\sysvol\auth.tamu.edu\Policies\{6E261666-DF1F-466A-A14A-CBE7EC0D94DA}\Machine\Scripts\Startup" bkp:Location="DomainSysvol\GPO\Machine\Scripts\Startup"/></FSObjectDir>
            <FSObjectFile bkp:Path="%GPO_MACH_FSPATH%\Scripts\Startup\*" bkp:SourceExpandedPath="\\auth-dc-t1.auth.tamu.edu\sysvol\auth.tamu.edu\Policies\{6E261666-DF1F-466A-A14A-CBE7EC0D94DA}\Machine\Scripts\Startup\*"><FSObjectFile bkp:Path="%GPO_MACH_FSPATH%\Scripts\Startup\Remediation.ps1" bkp:SourceExpandedPath="\\auth-dc-t1.auth.tamu.edu\sysvol\auth.tamu.edu\Policies\{6E261666-DF1F-466A-A14A-CBE7EC0D94DA}\Machine\Scripts\Startup\Remediation.ps1" bkp:Location="DomainSysvol\GPO\Machine\Scripts\Startup\Remediation.ps1"/></FSObjectFile>
            <FSObjectDir bkp:Path="%GPO_MACH_FSPATH%\Scripts\Shutdown\*" bkp:SourceExpandedPath="\\auth-dc-t1.auth.tamu.edu\sysvol\auth.tamu.edu\Policies\{6E261666-DF1F-466A-A14A-CBE7EC0D94DA}\Machine\Scripts\Shutdown\*"><FSObjectDir bkp:Path="%GPO_MACH_FSPATH%\Scripts\Shutdown" bkp:SourceExpandedPath="\\auth-dc-t1.auth.tamu.edu\sysvol\auth.tamu.edu\Policies\{6E261666-DF1F-466A-A14A-CBE7EC0D94DA}\Machine\Scripts\Shutdown" bkp:Location="DomainSysvol\GPO\Machine\Scripts\Shutdown"/></FSObjectDir>
            <FSObjectFile bkp:Path="%GPO_MACH_FSPATH%\Scripts\Shutdown\*" bkp:SourceExpandedPath="\\auth-dc-t1.auth.tamu.edu\sysvol\auth.tamu.edu\Policies\{6E261666-DF1F-466A-A14A-CBE7EC0D94DA}\Machine\Scripts\Shutdown\*"/>
            
	    
            <FSObjectDir bkp:Path="%GPO_USER_FSPATH%\Scripts\Logon\*" bkp:SourceExpandedPath="\\auth-dc-t1.auth.tamu.edu\sysvol\auth.tamu.edu\Policies\{6E261666-DF1F-466A-A14A-CBE7EC0D94DA}\User\Scripts\Logon\*"/>
            <FSObjectFile bkp:Path="%GPO_USER_FSPATH%\Scripts\Logon\*" bkp:SourceExpandedPath="\\auth-dc-t1.auth.tamu.edu\sysvol\auth.tamu.edu\Policies\{6E261666-DF1F-466A-A14A-CBE7EC0D94DA}\User\Scripts\Logon\*"/>
            <FSObjectDir bkp:Path="%GPO_USER_FSPATH%\Scripts\Logoff\*" bkp:SourceExpandedPath="\\auth-dc-t1.auth.tamu.edu\sysvol\auth.tamu.edu\Policies\{6E261666-DF1F-466A-A14A-CBE7EC0D94DA}\User\Scripts\Logoff\*"/>
            <FSObjectFile bkp:Path="%GPO_USER_FSPATH%\Scripts\Logoff\*" bkp:SourceExpandedPath="\\auth-dc-t1.auth.tamu.edu\sysvol\auth.tamu.edu\Policies\{6E261666-DF1F-466A-A14A-CBE7EC0D94DA}\User\Scripts\Logoff\*"/>
        </GroupPolicyExtension>
        
        
        
        
        
        
    <GroupPolicyExtension bkp:ID="{F15C46CD-82A0-4C2D-A210-5D0D3182A418}" bkp:DescName="Unknown Extension"><FSObjectDir bkp:Path="%GPO_MACH_FSPATH%\Applications" bkp:SourceExpandedPath="\\auth-dc-t1.auth.tamu.edu\sysvol\auth.tamu.edu\Policies\{6E261666-DF1F-466A-A14A-CBE7EC0D94DA}\Machine\Applications" bkp:Location="DomainSysvol\GPO\Machine\Applications"/><FSObjectDir bkp:Path="%GPO_MACH_FSPATH%\Scripts" bkp:SourceExpandedPath="\\auth-dc-t1.auth.tamu.edu\sysvol\auth.tamu.edu\Policies\{6E261666-DF1F-466A-A14A-CBE7EC0D94DA}\Machine\Scripts" bkp:Location="DomainSysvol\GPO\Machine\Scripts"/></GroupPolicyExtension></GroupPolicyObject>
</GroupPolicyBackupScheme>